{"RepetitionTime": 2.0, "EchoTime": 0.03, "FlipAngle": 77.0, "SliceTiming": [0.0, 1.032258064516129, 0.06451612903225806, 1.096774193548387, 0.12903225806451613, 1.1612903225806452, 0.1935483870967742, 1.2258064516129032, 0.25806451612903225, 1.2903225806451613, 0.3225806451612903, 1.3548387096774193, 0.3870967741935484, 1.4193548387096775, 0.45161290322580644, 1.4838709677419355, 0.5161290322580645, 1.5483870967741935, 0.5806451612903226, 1.6129032258064515, 0.6451612903225806, 1.6774193548387097, 0.7096774193548387, 1.7419354838709677, 0.7741935483870968, 1.8064516129032258, 0.8387096774193549, 1.8709677419354838, 0.9032258064516129, 1.935483870967742, 0.967741935483871, 0.0, 1.032258064516129, 0.06451612903225806, 1.096774193548387, 0.12903225806451613, 1.1612903225806452, 0.1935483870967742, 1.2258064516129032, 0.25806451612903225, 1.2903225806451613, 0.3225806451612903, 1.3548387096774193, 0.3870967741935484, 1.4193548387096775, 0.45161290322580644, 1.4838709677419355, 0.5161290322580645, 1.5483870967741935, 0.5806451612903226, 1.6129032258064515, 0.6451612903225806, 1.6774193548387097, 0.7096774193548387, 1.7419354838709677, 0.7741935483870968, 1.8064516129032258, 0.8387096774193549, 1.8709677419354838, 0.9032258064516129, 1.935483870967742, 0.967741935483871], "PhaseEncodingDirection": "j-", "EffectiveEchoSpacing": 0.000306, "TotalReadoutTime": 0.033354, "TaskName": "task-numbers"}